CREATE TABLE brands (
    id UUID PRIMARY KEY,
    title VARCHAR(200) NOT NULL
);

CREATE TABLE categories (
    id UUID PRIMARY KEY,
    title VARCHAR(200) NOT NULL
);

CREATE TABLE catalog_items (
    id UUID PRIMARY KEY,
    title VARCHAR(200) NOT NULL,
    short_description TEXT,
    full_description TEXT,
    image_url TEXT,
    brand_id UUID REFERENCES brands (id),
    category_id UUID REFERENCES categories (id),
    price DOUBLE PRECISION NOT NULL DEFAULT 0
);

-- Seed: Brands
INSERT INTO
    brands (id, title)
VALUES (
        'b0000001-0000-0000-0000-000000000001',
        'Polaris'
    ),
    (
        'b0000001-0000-0000-0000-000000000002',
        'Redmond'
    ),
    (
        'b0000001-0000-0000-0000-000000000003',
        'Vitek'
    ),
    (
        'b0000001-0000-0000-0000-000000000004',
        'Scarlett'
    ),
    (
        'b0000001-0000-0000-0000-000000000005',
        'Снеж'
    ),
    (
        'b0000001-0000-0000-0000-000000000006',
        'Мир детства'
    ),
    (
        'b0000001-0000-0000-0000-000000000007',
        'Светозар'
    ),
    (
        'b0000001-0000-0000-0000-000000000008',
        'Детский мир'
    ),
    (
        'b0000001-0000-0000-0000-000000000009',
        'Золотое яблоко'
    ),
    (
        'b0000001-0000-0000-0000-000000000010',
        'Славянка'
    );

-- Seed: Categories
INSERT INTO
    categories (id, title)
VALUES (
        'c0000001-0000-0000-0000-000000000001',
        'Бытовая техника'
    ),
    (
        'c0000001-0000-0000-0000-000000000002',
        'Электроника'
    ),
    (
        'c0000001-0000-0000-0000-000000000003',
        'Одежда'
    ),
    (
        'c0000001-0000-0000-0000-000000000004',
        'Детские товары'
    ),
    (
        'c0000001-0000-0000-0000-000000000005',
        'Косметика и уход'
    );

-- Seed: CatalogItems
INSERT INTO
    catalog_items (
        id,
        title,
        short_description,
        full_description,
        image_url,
        brand_id,
        category_id,
        price
    )
VALUES (
        'a0000001-0000-0000-0000-000000000001',
        'Мультиварка Redmond RMC-M90',
        'Умная мультиварка с 45 программами',
        'Мультиварка Redmond RMC-M90 с антипригарной чашей, сенсорным управлением и функцией 3D-нагрева.',
        'https://example.com/images/redmond-m90.jpg',
        'b0000001-0000-0000-0000-000000000002',
        'c0000001-0000-0000-0000-000000000001',
        5990
    ),
    (
        'a0000001-0000-0000-0000-000000000002',
        'Смартфон Vitek VT-1234',
        'Бюджетный смартфон с хорошей камерой',
        'Смартфон Vitek VT-1234 с 4 ГБ ОЗУ, двойной камерой и аккумулятором 4000 мАч.',
        'https://example.com/images/vitek-vt1234.jpg',
        'b0000001-0000-0000-0000-000000000003',
        'c0000001-0000-0000-0000-000000000002',
        8990
    ),
    (
        'a0000001-0000-0000-0000-000000000003',
        'Фен Polaris PHD 2077',
        'Компактный фен для волос',
        'Фен Polaris PHD 2077 с мощностью 2000 Вт, 2 режимами нагрева и функцией ионизации.',
        'https://example.com/images/polaris-phd2077.jpg',
        'b0000001-0000-0000-0000-000000000001',
        'c0000001-0000-0000-0000-000000000001',
        1790
    ),
    (
        'a0000001-0000-0000-0000-000000000004',
        'Электрочайник Scarlett SC-EK21',
        'Стильный чайник с подсветкой',
        'Электрочайник Scarlett SC-EK21 с объемом 1,7 л, защитой от перегрева и LED-подсветкой.',
        'https://example.com/images/scarlett-ek21.jpg',
        'b0000001-0000-0000-0000-000000000004',
        'c0000001-0000-0000-0000-000000000001',
        1290
    ),
    (
        'a0000001-0000-0000-0000-000000000005',
        'Детский комбинезон Мир детства',
        'Тёплый комбинезон для малышей',
        'Зимний комбинезон Мир детства с капюшоном, утеплителем и светоотражающими элементами.',
        'https://example.com/images/mirdetstva-combi.jpg',
        'b0000001-0000-0000-0000-000000000006',
        'c0000001-0000-0000-0000-000000000004',
        2990
    ),
    (
        'a0000001-0000-0000-0000-000000000006',
        'Светильник Светозар SZ-100',
        'Настольный светодиодный светильник',
        'Светильник Светозар SZ-100 с регулировкой яркости, USB-зарядкой и энергосбережением.',
        'https://example.com/images/svetozar-sz100.jpg',
        'b0000001-0000-0000-0000-000000000007',
        'c0000001-0000-0000-0000-000000000002',
        990
    ),
    (
        'a0000001-0000-0000-0000-000000000007',
        'Платье Детский мир Летнее',
        'Лёгкое хлопковое платье',
        'Платье из 100% хлопка для девочек, размерный ряд 92-140 см, яркий принт.',
        'https://example.com/images/detskiy-mir-dress.jpg',
        'b0000001-0000-0000-0000-000000000008',
        'c0000001-0000-0000-0000-000000000003',
        1190
    ),
    (
        'a0000001-0000-0000-0000-000000000008',
        'Косметический набор Золотое яблоко',
        'Подарочный набор для ухода за кожей',
        'В наборе: крем для лица, маска, гель для умывания. Подходит для всех типов кожи.',
        'https://example.com/images/gold-apple-set.jpg',
        'b0000001-0000-0000-0000-000000000009',
        'c0000001-0000-0000-0000-000000000005',
        2490
    ),
    (
        'a0000001-0000-0000-0000-000000000009',
        'Шоколад Славянка Аленка',
        'Молочный шоколад 100 г',
        'Классический молочный шоколад ''Аленка'' от фабрики Славянка, 100 грамм.',
        'https://example.com/images/slavyanka-alenka.jpg',
        'b0000001-0000-0000-0000-000000000010',
        'c0000001-0000-0000-0000-000000000004',
        120
    ),
    (
        'a0000001-0000-0000-0000-000000000010',
        'Кофеварка Polaris PCM 1516E',
        'Капельная кофеварка 600 Вт',
        'Кофеварка Polaris PCM 1516E с функцией автоотключения, резервуаром на 1,5 л и индикатором уровня воды.',
        'https://example.com/images/polaris-pcm1516e.jpg',
        'b0000001-0000-0000-0000-000000000001',
        'c0000001-0000-0000-0000-000000000001',
        3290
    );
